typing_time,paste_events,paste_length,attempts,similarity_score,avg_typing_speed,time_to_code_ratio
702,0,31,3,16,5.463280660889421,2.4098976879547336
1035,0,29,2,21,3.9038709240466236,1.756005645394489
1460,1,28,2,18,2.4439100983405924,2.423801039771337
870,0,48,3,18,4.537696581146335,2.2492478528036135
706,0,44,2,38,5.08312247305552,1.5436469839237437
671,0,28,2,24,2.0115250066624584,2.295462131944924
1300,1,29,2,15,5.435826741682519,1.1650949263016728
620,1,15,2,20,2.7440920000226625,2.387570763014522
1214,1,39,3,35,4.208277458613511,1.9474652726243376
721,1,18,1,10,3.6631900027498006,1.0815861227834667
1066,1,17,1,23,4.878615266442122,1.9663850854762173
814,1,0,2,8,3.4846464591429673,2.4613714812171343
930,1,13,1,8,5.4790527067268435,1.1047009819219433
1058,0,46,1,24,4.921985443835161,1.8320315646701295
687,0,49,2,14,4.590852684251686,2.1216915246390586
972,0,1,2,28,5.184962382251417,2.215387880049297
699,0,27,1,39,5.016092139713529,1.6207411979811939
1471,0,48,3,30,2.1437546996862133,1.3062498387523644
1263,0,49,2,25,3.5789374153793125,1.0635134181585757
730,0,29,3,25,5.723229189265959,1.869589235645837
1261,1,37,1,14,2.502897075968905,1.6793666054014162
908,1,3,2,8,4.948386201728205,2.4231165927245666
1369,0,0,3,24,5.898367245341319,1.0909073615723646
943,0,7,2,21,2.2087945161798865,2.0280930151690084
1091,1,28,1,11,4.728775522506442,1.0374493331800858
1013,0,38,3,8,3.8726165652041216,1.257151265065814
1405,0,2,1,33,4.316701021498888,1.6803684998842512
985,1,31,1,18,2.3413653459372994,1.6823086642043024
791,0,9,2,7,2.172027807467758,2.028550814400466
876,1,9,3,28,4.667466642203687,2.365319552301635
760,0,18,1,20,5.293237719282871,1.9585482383723813
1059,1,45,1,8,5.128061339731869,2.430302646777263
913,1,33,3,28,4.1752229114649495,2.3224234598169966
621,1,32,1,38,2.3994672845447127,1.8767496932961854
852,0,22,1,34,4.752177775344055,2.250687926378241
1347,1,27,3,22,2.967555534216584,1.963866415485451
1456,0,31,3,23,5.644274811069534,1.1178367463855907
1160,0,49,3,35,5.35306143818282,2.110847084889265
1074,0,6,3,23,4.837531868349563,1.1423626619010192
658,0,28,2,23,5.795383823324522,1.8911241708545687
1110,1,7,3,26,2.1256872860450917,2.0539603087873433
1281,1,0,2,28,4.9448017002430475,1.0997914123162829
1075,0,2,2,16,3.3209711173456213,1.3461919808897975
1299,0,23,2,34,5.624263542745461,2.373508348392475
1382,1,22,1,35,3.0667007866479103,1.9244717383493446
789,0,7,2,23,4.899425997260068,1.3694290282157975
1286,1,46,2,34,5.510588078603126,2.0360196567220097
1162,0,36,1,37,2.1666272735307297,1.8951646299425344
1475,0,2,1,22,3.5905903183681445,1.7523635498769226
1166,1,32,1,32,5.049236128087754,2.4642804624821255
843,0,27,3,15,3.8196755580303483,2.0251806661112632
1431,1,46,1,37,3.0690105191743813,1.563161664501869
1104,0,7,1,21,2.87922139529276,2.200110148115302
730,0,33,2,10,2.5260730676655117,2.3268749393817814
1084,0,34,1,8,5.428518239425129,1.187830839275247
1418,1,31,3,24,4.301421613006224,1.3008294667678997
1246,0,23,1,31,2.305539779965824,1.3243405136916695
620,0,13,3,19,3.5303212942825417,2.0368177140798105
1440,0,31,1,10,3.4709346032204396,1.904559332579925
766,0,45,1,18,2.726956762837852,1.9284873470478823
873,1,42,1,15,3.7420305018887627,2.4111599495342517
987,1,15,1,13,3.328397461572546,2.163867299210959
1200,0,3,3,30,3.36721482196873,1.1919053867676748
915,1,36,3,20,4.956106231151835,1.5212606236377715
613,0,20,2,9,2.8930535420207852,1.6530904692636035
841,0,13,3,14,4.567439835421421,1.5939423831214072
1376,0,30,1,7,4.2825984955237395,2.0039629137428188
945,1,47,2,17,4.272370049351469,2.337839654884844
1164,1,17,2,34,4.652029384567104,1.459077195284182
1497,1,6,2,10,4.193528144782616,1.8278157046317784
939,1,9,1,21,5.517020459385538,2.1841141328703784
691,1,6,3,23,4.70232036780104,1.624327088268024
966,1,32,1,39,4.187853005485552,1.2521771925989438
1054,1,22,2,30,5.31905248115058,1.7124264478956224
1027,1,20,1,9,4.424586259733919,1.0828337811145428
1108,1,18,1,33,3.164576991140716,2.413575181003415
1375,0,47,3,24,2.828379672706285,1.1122318077924596
634,1,18,3,25,2.609311142650715,1.6576850728758672
805,1,35,2,14,5.597820850184407,1.7948218916327892
680,1,28,1,9,4.840541727192264,2.4779557484309285
1161,1,17,1,10,5.749513752657283,1.2490327354642912
1471,1,1,3,30,4.413167222859772,1.1716472779185378
987,1,0,1,8,3.89360352597965,1.0130592205938154
601,1,46,1,39,2.2388659558835573,1.2333571553039535
989,1,4,1,5,4.68656912618412,1.3109094686015015
1165,1,19,3,28,4.328835039072924,1.9458714123746383
705,1,10,2,10,5.960835574350486,1.3295601855871007
1371,1,41,2,35,2.956635111128972,1.0307812220939878
1421,0,1,1,24,4.122949421147343,2.239927518253733
1076,0,2,2,28,4.6038293404722905,1.5483935515059501
1302,1,22,3,29,4.5783646989693745,1.530545029871101
1001,1,11,3,25,4.245174171793611,1.4537185437518898
1329,0,19,2,34,5.107712041308902,2.463059915719631
1155,1,4,2,28,2.8199248381072657,1.2551731259639223
761,0,36,1,34,4.902508801097664,2.3473570959298526
801,0,37,2,26,4.478938285732356,2.165204998209832
869,0,29,1,32,5.584300447178293,1.1147199332489697
1462,0,8,1,11,5.388777756134327,2.480093652251273
1415,0,33,3,39,3.260588156530213,1.4070489453085158
870,1,43,3,32,3.1049492999006123,1.1478743905336186
1055,0,34,3,18,5.926613295409791,2.243971351188639
1061,1,21,3,14,4.109060723661026,2.06001330051655
1326,1,43,2,20,5.625683855657748,1.9258282088168512
851,0,23,3,20,2.6555240951219288,1.2339712955483997
1301,0,16,2,35,4.571275659200698,1.7177441743839428
895,1,9,3,29,5.239440749442345,2.1708340403308206
1324,0,29,2,17,5.789580998345787,1.4554359072157603
1319,0,45,1,10,3.349360564068094,1.4675347427725622
1348,1,22,2,13,4.89992467969621,1.0047113590721832
937,1,31,2,24,4.155252036158476,1.2613651024680692
1478,0,16,3,22,2.2425157042658728,2.3131084376827515
652,1,49,2,25,4.759998949235774,1.6626197374565606
1391,0,16,1,8,4.760386232951374,2.476351748851651
816,0,13,1,37,5.722427219386148,1.5935619453606888
1363,0,8,3,31,3.9892497846758896,2.0727796821703617
787,1,39,1,11,2.9210036828420587,1.4228785643570938
979,1,1,2,10,2.1782552937947166,1.5457144617114003
1092,1,44,1,19,3.6625687467436228,1.2860889813863419
640,1,24,3,22,3.2076668003100073,1.5205935527490926
756,1,38,2,36,5.044353224095502,1.8208562806309647
614,0,8,3,15,3.4170710593641864,2.487659321468874
1412,0,21,2,24,5.796284785259376,1.9963025696076784
664,0,42,1,28,5.849240811951137,1.298868931612471
1456,0,45,3,19,4.483634360870832,1.0674421623873267
1438,1,3,3,11,5.714641148059531,1.189534721971766
1120,0,25,2,25,5.043417378057983,1.843832801909571
943,1,28,3,30,4.187438563900505,2.1477404932251494
728,0,44,2,18,2.7212317416911125,2.4106288109511205
1247,1,33,2,25,3.83439177405536,1.0237347579952312
1071,1,22,2,22,4.243497853450471,1.7841402123428047
662,0,36,2,9,5.45584632294004,1.706301034334765
738,0,10,1,7,3.9253335061426595,1.9840825329635559
1098,0,5,2,27,5.590698690711827,1.8393682816980128
1192,0,17,3,30,4.697395916093876,2.0305587258737208
991,1,20,1,28,2.5479962522146855,1.9871238771237856
1274,0,41,3,23,5.979925477300371,1.1755175872869192
1018,0,35,1,29,4.1089306430156505,2.1995768704280794
888,1,40,2,25,3.5674331856363155,1.1848488635744872
978,0,37,1,16,4.636455057878106,2.0477959378137056
1372,0,33,1,37,2.4355732559241563,1.6242180514609101
1089,0,16,3,8,4.546154587013417,1.7707761018648969
830,0,36,3,11,3.992944001997092,2.3549470215635657
640,0,24,2,26,3.6266962799943325,2.33482558971023
627,1,37,1,37,5.812080084715596,2.2267844584825442
734,0,11,1,21,4.090158866928213,1.7652225706844848
800,0,22,1,28,2.8764699178797537,2.10435971520075
1439,0,41,2,38,3.8358539175091946,1.7693455832782141
1379,0,21,2,32,5.677549618290691,2.3044091237121664
632,0,20,2,26,2.7043818853223787,1.60416374984935
647,1,26,2,21,2.8558281547529476,2.455353016622315
1102,0,30,2,38,2.052118271028335,2.398484137343316
1006,1,5,3,10,2.0567601975830687,2.1124039291776784
1173,1,26,1,10,5.31756650783405,1.419123826264108
1327,0,39,1,38,4.928490427371823,1.1974803831898875
1404,0,33,1,5,3.420164225807833,2.282055175139796
698,0,11,1,14,4.793244628910291,1.2479534292069419
1283,0,44,1,25,3.580823705239881,2.2813911834960034
1471,1,6,1,9,5.8115871839913105,1.7361475100685406
1325,0,9,1,6,5.86821072570414,1.6098351757121563
1146,0,44,1,26,3.5711751032373735,2.3547861682516436
1338,0,16,3,6,5.416887625363472,1.9057764738104168
1212,0,25,1,14,5.092356166789864,1.8649210106945766
1061,0,20,3,38,3.2399997486871572,1.8381489169365965
1242,0,27,2,20,2.928159315604424,1.5567542740292972
1368,1,45,1,26,3.8329386015713354,2.178464655293691
604,1,1,2,16,5.125395362457625,1.3791976660236596
817,0,42,2,28,5.840671138914981,2.4083424400619124
1102,0,0,2,14,5.05431627546629,2.3409778075704413
1366,0,35,3,39,5.42082794007348,1.5062204885123474
997,1,25,2,36,4.412257224682066,2.0941956547474954
1470,0,28,2,11,5.341631323368503,1.8598347916743871
1394,1,20,2,25,5.13768343201367,1.506473952998852
992,0,10,1,24,3.5079421677051204,2.48278247199317
806,0,39,1,30,4.207961208482884,1.0378560187723962
614,0,10,3,8,5.219012487958779,1.37896904593193
1457,0,35,3,26,2.1842269367598255,1.7801110916667255
1153,1,48,1,19,5.23231712942332,1.7829295052178458
1491,1,38,3,25,2.7115524961960937,1.883399612418346
1060,0,39,1,19,4.058734468485756,2.127514258034379
1290,0,34,2,26,5.23310175822375,1.9352167457789446
1174,1,33,2,32,3.0152843126267794,1.9004221907920555
1463,1,46,3,18,2.983229757224612,1.080271694369565
1342,1,23,1,31,3.6110575938490075,1.5647954316839474
840,1,21,1,32,5.578571190310538,1.348083609551734
1163,0,4,3,30,2.0017711257488315,1.398055167402963
695,1,32,1,6,5.60553238656774,1.8315062115105172
1499,0,35,2,29,2.615228098566431,1.2992579723944127
1333,1,46,3,7,5.960345504269928,1.4409236515253463
1084,1,19,3,12,5.819387972153873,1.35562706277601
1006,1,18,1,37,3.9787007583651333,2.422754414827292
830,1,34,3,39,4.050880991250512,2.416998598256643
1348,1,42,1,10,3.926197361103417,1.9149123378940776
1254,0,16,1,27,4.541774582638091,2.3867837030978496
770,0,44,1,29,2.362886808939724,2.17871896820256
1140,1,42,1,23,2.130471793366266,1.884921824202713
635,1,33,1,9,2.2308117136635954,1.0096528172451935
1124,0,8,3,15,3.7774613969660575,2.1587744291191058
759,1,25,2,16,3.1021917568779336,2.0537325123827035
1438,1,1,2,14,4.488158249483975,1.922880479923621
1298,0,8,3,12,5.969769157499115,2.1406364675237075
842,1,8,3,28,3.5452926923058636,1.7693832471621485
685,1,39,2,32,4.295365016418053,2.0561249069820087
1395,0,16,2,25,3.662415583629342,2.4027581300897403
1177,0,0,2,12,5.389086670887437,1.5637075237691294
1281,0,24,2,13,5.608945613848952,2.062182752350938
1156,1,42,2,19,5.50942244882104,1.713531727016438
1173,0,39,1,22,5.89748895471703,2.0115994777209725
1245,0,41,3,24,2.110076740561661,2.1443400033315463
1395,0,24,1,10,5.3592646485821245,1.068178750653694
627,0,38,2,16,5.007088692156373,1.9699006659229927
1219,0,34,2,6,2.914777637601459,1.340111776610417
1155,0,2,2,11,5.82528037355011,2.00504880671135
939,1,49,1,20,2.592711712919782,1.7024952789007202
1397,1,36,1,7,4.718199708535634,2.1603291127973305
930,0,43,2,7,2.89956086726365,1.1851012228083946
1239,0,43,1,31,3.7255225950962987,1.9394835274842928
1105,0,29,1,37,4.876639587778276,1.4177060933913284
947,1,37,2,32,4.253298568132187,2.2794729929958875
1072,1,33,1,5,3.710007325312447,2.3925752584544613
830,1,11,3,12,3.305353723727949,2.494597440518583
789,1,18,3,36,5.358638622835161,2.194011103640925
824,1,36,3,8,2.575257401259255,2.1306011056420067
984,1,43,3,34,3.7204115061192002,1.3232511383013266
976,1,48,2,10,5.615030287100568,1.5040105884851631
882,1,16,2,23,5.383398201839871,1.6985238126434192
1232,1,9,2,36,3.6037670498921868,2.1600715716733747
1227,0,48,3,13,5.052433454405233,2.372448797616953
1344,0,46,3,16,5.292643322835437,1.283708650034477
858,0,11,1,15,5.555549696014519,2.3835512270051544
958,0,15,1,20,4.1780230761969115,2.043436978531087
1309,1,23,3,5,2.817843544218847,1.9161560960275579
1055,1,18,3,25,3.0212363060157266,1.2997619069229094
1010,0,7,3,34,3.182778696166417,1.083287549213726
1248,1,30,3,17,4.375209923238462,1.85269734776191
917,0,20,1,38,2.1312384965144338,1.9772735249933386
1276,1,16,3,8,4.544169875119874,1.3161721740320322
824,0,22,1,32,3.457416953712928,1.8346843087381846
1418,1,36,3,35,3.1809672099585686,2.2847401041438604
833,1,15,3,31,5.5179862829125055,2.25259891818253
1283,0,5,3,9,3.8400095823231957,2.3910327708794457
1263,1,7,1,29,2.380212182130771,1.5488287143353205
1426,0,24,1,7,5.306987072104988,1.477074358826378
973,0,17,2,37,2.1905650297460264,2.124139008971213
1271,0,24,3,8,4.906996896672787,1.6466686076455075
1207,0,11,2,29,5.095624887082661,1.1313229960416709
1071,1,14,2,24,3.4104104237154327,1.4242016960057495
832,1,25,1,38,5.2991514251111465,1.6278734282972338
1291,1,40,1,30,4.062637623425814,1.438774638214378
712,0,44,2,9,3.8531746130911873,1.4983083564209825
1429,1,25,3,39,2.18161312587477,1.4406638592615861
1096,0,46,1,32,3.1601167745956236,1.0622487507746192
1041,1,31,3,33,5.724039883541199,1.955642051236664
1163,1,9,3,13,3.567295853134,1.895938630530204
867,1,15,2,10,4.186802082227073,1.980075247718021
1109,0,6,2,23,4.128086715937007,1.2884648440504411
1406,1,16,2,15,4.361724359290774,1.4434818124187279
985,1,22,2,6,2.2453238225731305,1.9294238904173835
986,0,25,1,13,3.448705019194913,1.8994413526898821
712,1,20,1,25,4.892513095530217,1.7594954640314018
1212,0,21,2,28,2.8022410042919317,1.525619875015296
1224,1,6,1,38,2.8143135101854417,2.369396507162035
680,0,13,2,26,2.040362426756099,1.5096553634482657
1298,0,14,3,7,3.749927706432839,1.6834287346558774
712,1,6,3,16,5.530937522693688,2.0171707464313133
601,0,8,3,32,2.207603774349236,1.8145321463001463
1241,0,47,2,34,2.7644748379840105,1.5203289645465783
819,0,7,3,30,3.2403381533710203,1.6534671856847647
1165,0,49,1,25,4.926898946256852,2.1917212267802593
1454,0,22,3,32,4.562542371210347,1.4171937332299187
1335,0,28,3,30,3.66377561832742,1.2133828596652232
824,1,17,3,37,5.036275757033502,1.4697448027446656
984,0,30,1,25,4.438524046627608,2.274301323231852
1002,0,29,2,39,5.584163198628876,1.13348457228452
1237,1,38,1,38,5.272106996554772,2.4875441100586775
729,1,34,2,22,3.0112544243568022,1.8115043483914937
652,1,17,2,15,3.085754310536801,2.477268615950641
1283,1,41,3,27,2.5014259031695425,2.4084946331289663
1329,1,38,2,26,3.347858902869826,1.679220571316375
1271,1,16,1,21,5.998175674876377,1.2977366119080236
1309,1,13,1,9,3.623004674460244,1.2473271648477078
1015,0,30,2,15,2.8819537387564256,1.3599840458049361
846,0,23,3,34,5.0499315379022125,2.065198960846806
1435,1,34,3,19,4.169884013850624,1.4094249920972317
1038,0,43,1,31,2.59840579810781,1.5121379044064476
802,0,44,3,39,3.522758724643463,1.6731682059919222
783,0,33,2,37,3.6578788621573732,2.3698490206321843
722,1,2,2,24,5.015318802276875,1.284090126827269
1000,1,36,1,20,2.082685475567618,1.0075398289147046
1366,0,42,2,38,3.076078587193242,1.0901446155672552
893,1,39,1,6,4.070385205262088,2.357149512520177
879,0,25,2,39,3.0753869698113734,1.9712746972650446
1436,0,22,1,32,4.5137361896759955,1.4095609289917101
1483,0,43,3,10,3.9274699170984664,1.2657887515167867
1209,0,38,2,13,3.4468410194383226,1.4414001049556715
797,1,14,2,24,5.796834507482049,1.17219539087692
1110,1,48,1,5,4.52863799674583,2.4122993654266613
1351,1,3,1,12,2.519765489071765,2.1763092615479005
743,0,28,2,27,4.2403667897735815,1.693586765368811
1208,1,21,1,7,5.1229274128036035,2.297443907672803
800,0,24,2,8,4.83395878997119,1.3741873064398484
723,1,12,3,29,2.6883569171810375,2.0756808527082904
786,0,17,1,19,5.889679996160414,2.284198748520615
925,0,32,2,25,3.795254582986424,1.535153067434909
1063,0,15,3,39,2.636100014961045,2.1361966681760762
948,1,44,3,18,2.7207830165125917,1.442608523896464
1370,1,41,2,16,2.392939968756322,1.4482857028885463
1259,1,43,1,21,5.214072433739737,1.1605857678312792
1363,1,1,2,13,2.4881219772873946,1.6600870697640981
1002,0,34,3,39,2.5005010285669877,2.0945678597461335
945,1,41,2,17,5.40188645904335,2.4103312083569275
1110,1,33,1,19,3.3784163377902385,1.905695487893644
746,0,29,3,22,2.12343161723229,2.2947033066036084
747,0,12,2,37,2.2075811980736435,2.2337419739353406
1463,0,12,1,10,2.5686817868155822,1.2600145794629212
1310,1,17,3,31,2.853573391902758,1.7287261433689471
1419,0,31,1,27,4.6605847769536215,1.1753853032880872
1088,0,31,3,31,2.629305120007313,2.0232297423424526
1239,0,34,2,38,2.475497564708288,2.424849502369114
1150,1,38,1,18,5.058876565905116,1.2056341871181346
937,0,45,3,12,4.684221135439658,2.100824696203812
1471,1,28,1,39,3.7412968858209448,1.9483572263017914
1240,1,48,1,23,4.197239085920415,1.8754075555121497
1378,0,28,2,34,3.247936081305674,1.5851803520325087
1072,0,43,1,18,3.9300016809414426,1.532697471630719
750,1,15,3,24,4.026690595930983,1.0678737835283318
1014,0,43,3,29,3.5489490847123837,1.3268630623780202
897,0,46,3,28,5.626288842688651,1.0227653234302403
1210,1,9,3,18,2.0642474599240246,1.8721256583730308
862,1,29,2,30,5.128685052364984,1.1587798538168632
1363,0,24,1,27,2.4975313249652973,2.309529091044574
743,1,38,2,26,5.190189442148798,1.784714531045748
945,0,19,1,23,4.463647662706885,2.049534863588063
1223,0,4,1,7,5.3731123637456095,1.6162856377607446
1171,0,0,1,23,2.39005730256359,1.840869713501573
1480,1,29,2,13,4.235922536399096,2.413988765449946
601,0,48,1,32,4.004351521048788,1.124101059435506
1496,0,2,2,24,4.824772731853434,1.3809066578855442
903,0,44,3,11,4.137162207574703,2.1699824903658165
853,1,13,3,18,4.162938268532416,1.1481058103239987
1251,1,29,1,13,3.7183837743042587,1.1134916558561663
1052,1,49,2,23,3.2353376960293634,1.5423120981310579
636,1,3,3,18,3.9290574450087687,1.1382519377086484
759,1,17,2,21,2.4739694350736023,1.8776176633093047
608,0,36,2,34,5.846053355932339,1.3394128762248998
832,1,24,1,13,4.8576430545063936,2.3435469447990585
698,1,47,3,37,5.809868466751388,2.1752501212678848
1258,1,0,1,29,2.906909529319853,2.0495578091492144
1415,0,45,1,18,5.517364080706113,1.925416041076753
807,1,14,3,15,5.235159938254154,2.295198595512195
730,1,8,3,39,4.708609649830695,1.3345930923141354
1003,0,14,2,18,4.500116744340823,2.3096632641463417
751,1,48,3,34,3.26619866107148,2.1842384476360786
653,0,23,2,8,5.2656431398601224,2.122241239581528
719,0,3,2,8,4.006061845918936,1.841883517112386
1272,0,11,2,32,2.2835663035651415,1.3693662414559
1227,0,36,3,12,3.25145264342052,1.6353218739878446
1186,0,36,1,6,5.741188394181311,2.190355981808202
1224,1,42,2,26,5.402721042419385,1.0476677265359866
1019,0,5,1,20,5.927622792306156,2.1730761538956376
1021,0,38,1,33,4.511973530416393,1.3601061107313497
703,1,45,3,34,2.990040292561648,1.2164638010824045
1451,0,23,1,16,2.651260198707455,1.1735519772704532
853,1,10,1,39,2.7476577624338465,1.0408750179262227
826,1,12,3,15,2.0791826333890175,1.7853797278321792
711,1,33,2,25,3.5627284439437568,1.3273898090405942
1109,0,24,1,25,2.76571072199817,2.484147648669447
1072,0,6,3,9,3.6466218418268097,1.8616551338083087
698,0,3,1,24,5.739977727355061,1.2068279040340157
752,1,7,1,7,3.72216083802876,2.033143811217048
1460,0,19,2,37,5.511937987939339,2.346615349764588
1495,0,28,1,13,4.4220190664635055,2.1177692430544215
1477,0,44,3,13,2.9885262186455677,1.1146597915591716
937,1,45,1,8,3.4234190370368456,2.3438262717889895
1305,1,9,2,39,2.3356781432857177,2.190894078789947
1421,0,42,2,21,3.333850374384042,1.2374558501584216
762,0,33,3,38,4.710163782014137,1.0776788330992253
1319,0,25,2,28,2.2884443717177407,1.8359658629714628
1280,0,40,1,36,2.8216056339121174,1.2340537170099655
760,1,48,2,5,3.525764165653246,2.251886428892908
1179,1,2,3,12,5.92819814806385,1.5375019850075107
1400,1,5,2,27,5.139447291835521,2.369338667104863
997,1,4,2,16,4.933946985968415,1.8485322582115087
876,0,4,2,16,2.464763826101784,1.2740085763595022
1415,0,46,3,19,5.123983574459966,1.2093983010397
1103,0,22,2,23,5.1410752460640605,1.8647086563366309
1495,1,48,2,30,4.4044107824973135,2.1428254177936656
991,0,8,1,33,5.9614471279934875,2.172258471613273
734,1,34,3,26,3.301015623698208,1.4136361066619219
794,1,19,2,25,5.765089792967407,1.3063701383682513
1000,0,48,3,24,5.658924459826014,1.0251344567385736
1239,0,41,2,33,2.0459226389975114,2.018798726801754
632,0,34,2,8,3.800466105899244,1.1148523876503085
1287,1,49,2,11,5.908416932206293,1.6311418026488886
1059,0,17,1,32,2.412485449632303,1.9025232460274442
1482,1,16,1,32,4.191138777533277,2.4056634173795155
1069,0,23,1,8,5.915830028164416,1.467703205433653
974,1,2,3,26,4.221981696423441,1.3746582436697796
621,1,31,3,16,2.759261211888624,1.9812402314291475
1349,0,34,1,7,4.328732920370359,1.9288585480803726
1269,1,37,3,26,2.8177622957981874,1.4981646749621869
637,1,12,2,6,4.078817051577937,2.39215275326468
829,0,46,2,28,2.296168871649392,2.267293491234449
964,1,24,2,38,4.4219306768576185,1.3359738187976218
1162,0,8,1,31,4.067159756512632,1.3587138181517848
1037,1,3,3,5,4.960645475045853,1.768450520330621
1375,0,13,1,12,4.52280188463514,2.16035815259608
882,0,36,3,27,4.198425074123026,1.0660605690826965
626,1,33,2,10,4.759115396992485,2.04000273060206
825,1,10,1,26,2.5757676542889234,1.9723538460731453
876,1,40,3,29,4.381438645034416,1.3472201438694824
1397,1,2,3,22,2.6884424112911107,2.022029519862023
1208,1,27,2,21,5.702088831407524,2.410274786878124
883,0,28,1,16,2.273336419382417,1.0701787674576528
1478,1,8,1,10,3.721498998763173,1.4794780829380938
1080,0,2,1,30,4.783189910621779,1.657265074999533
1052,0,24,2,31,3.832088846673035,2.3488905383870344
1428,1,33,1,12,2.3683810129316094,2.443392169913735
1415,0,11,2,23,4.2135160645068295,1.6661728697444984
1258,0,41,2,5,4.566527635309418,2.125042618213287
1115,0,8,2,33,4.81516924396203,1.7974915356467245
1146,0,14,3,39,3.4930392578510356,1.8066744021120646
791,1,39,1,18,4.254639884115049,1.4171492725995347
648,0,24,1,39,3.8027458997556525,1.3254343687958192
1111,1,4,2,24,4.688224155009014,1.4320080188860618
616,1,10,2,17,4.334227869299275,1.834492010885619
771,0,33,1,12,4.103024878236539,1.0437327790331334
819,1,23,2,24,2.9980974673529945,2.360873416534609
757,1,14,1,37,2.0080740709929357,1.2344255643246642
1076,1,37,3,30,2.696326701245717,1.3301330153070798
645,0,7,2,25,2.4682641656966746,1.7774142646714695
972,1,4,1,13,3.796338980043787,2.065172149505919
1117,1,47,2,28,4.449032603047378,1.143593582116596
698,1,25,1,21,2.8523400347392327,1.4765420463207433
1491,0,17,1,28,5.7562283838687485,2.453011908361536
1344,1,5,2,25,2.026728516895551,1.3935144501714185
636,0,36,3,17,5.0892040606613715,1.4695752175947203
879,0,47,1,15,4.5008190781217685,2.25474773592705
948,0,12,1,23,3.4942192041907276,1.0753216475356828
1096,0,27,1,15,2.2019557776496317,1.6969197532134563
901,0,4,3,17,4.509946287137117,1.5694251466775053
780,0,12,3,5,3.542454051462592,1.4748801398629767
1206,1,16,2,23,5.745068557652877,1.4285493910671467
698,0,49,3,16,4.167960299559064,1.1370611572906137
1299,1,39,2,12,5.758606045174033,1.4722387440274733
715,1,44,2,12,2.8819347738932164,1.0645786040735028
790,0,31,3,16,4.9029036414564136,2.171445795466653
852,1,28,2,37,4.468996083394902,1.5973416909370175
760,1,2,3,30,4.957632919325247,1.6658557484798675
855,1,39,2,32,2.858671455890147,2.3403918796751975
922,1,33,3,9,4.659978064951095,1.987082475791831
727,0,39,3,12,3.992161572227476,1.0120886550131796
617,1,26,2,29,4.971299899625265,2.4147622344419277
1392,0,12,1,31,3.308178576607271,1.3557166989665668
1334,1,44,2,27,5.560228101861011,1.1614212771397883
1165,1,32,3,34,2.3372052584454015,2.152192267571323
1169,0,5,1,27,5.228757275164752,1.7507159738000773
922,1,23,2,24,5.445278503260363,1.6506558490270264
1471,1,18,2,22,5.269009245467284,1.3742546195241125
1285,1,15,2,22,4.050905577047104,1.821207234793478
1391,0,39,1,6,3.7535399201230453,1.4115769078038811
1225,1,27,3,8,5.985049146099508,2.3523745079306013
887,0,32,2,34,2.9166878048566485,1.3228067195997892
1453,1,47,2,37,4.187503863504178,2.3265327256836303
1262,0,40,2,22,4.682702101529302,1.8391081385910355
1238,0,12,2,23,4.803470543445728,2.2427322008428616
754,1,42,2,32,2.8160986629543148,2.0692689937914324
1089,1,44,3,24,4.615976369359204,2.0450426671551227
985,0,24,3,37,5.273478265925349,1.4865187115425835
1384,0,41,2,16,2.200074307284449,1.3508453972083052
703,1,35,1,19,5.646085173301266,1.316329341521182
992,0,26,3,6,2.1180162205808237,2.285787485589383
1410,1,37,1,33,3.4238841299535774,2.2306402303885298
845,1,6,3,14,2.0632527849318483,1.660860292018461
775,1,4,2,6,2.3085806741583275,1.1986069202446819
638,1,42,3,15,5.644673140720316,1.5733783779661876
1076,0,44,2,17,3.4194433229845913,1.929015181205367
1281,1,30,3,14,3.6990861217002116,1.6816047317199292
1358,0,22,2,18,2.8613775255302105,2.1702839027244925
1137,1,41,2,22,4.388383080746879,2.4964342333770784
1466,0,9,2,13,4.379212858711158,1.2866981326733453
1417,1,31,2,32,3.488801567300877,1.6894762294893586
1007,0,42,1,7,3.3321394872215935,1.646475852881233
1124,0,29,2,24,5.539857232722351,1.4567387991234262
1427,1,38,1,10,3.5331369585688055,1.2971432750804344
1105,1,30,1,31,3.974003968617633,1.098538174734489
1424,1,17,2,6,3.1332190496997225,2.3306789758355477
635,1,35,1,33,5.1470780134285095,1.6297730465294764
1284,0,1,3,7,3.5897926275963665,1.7453432777500733
619,1,13,2,20,4.054444186177298,2.3754130723013738
920,0,12,1,34,3.0134286802386456,2.1644357162739216
1375,0,28,2,6,5.950638369365008,1.1957518961757763
1111,1,11,2,21,3.1659829636948915,1.8481299514116136
999,0,38,2,16,5.082970123622207,1.6633784147793387
1253,0,1,1,39,3.7099826014270367,2.195816608868144
1482,0,31,3,5,2.8248696203365595,2.086348821417924
1070,0,12,3,19,5.198875055859444,2.035608582866608
742,1,45,1,30,3.3344271561161727,1.5108172532198454
691,1,26,2,25,5.460773389591244,2.2074455955988816
953,1,48,1,35,5.661028739671292,1.0785869433922919
1433,1,40,1,29,5.439295341565104,1.239437352148251
1399,0,16,1,27,2.1400316592272226,1.5034349094668675
1326,0,39,2,28,5.149493380020422,1.115211161603922
1453,1,30,1,32,3.6453578659965755,1.3524914163020374
650,1,33,2,25,5.4948916807289,2.245226474496877
1264,1,23,1,22,4.551817050738955,2.422377306685119
1297,0,44,3,39,5.334572536575834,1.4569035336612857
1174,1,34,1,13,3.9977270794673414,1.3967737059832572
789,1,47,1,34,4.140102018395732,1.4198389783696403
724,1,5,3,38,2.577550528534669,1.4165786310262658
749,0,18,2,36,5.135949434757421,1.0538952732789595
913,0,29,2,7,3.6775584466678866,2.390374519496662
1169,0,6,1,7,4.00032047308633,1.3205472123554927
941,0,9,3,32,5.14039085638283,1.6300061111221074
904,0,40,2,19,4.395381600317756,1.0145303241114516
1291,0,31,1,27,2.8043949097706697,2.286932636372586
1281,0,33,3,15,4.360930636603571,2.096736016682376
1437,0,27,2,36,3.630531431918623,2.420134052760555
1382,1,14,2,37,3.8781021681754506,2.1724232187945987
653,1,29,3,28,2.113245097610671,1.4705597680780977
1043,0,36,3,38,2.8401173980651264,1.3718100380926355
1212,0,28,3,32,3.124152325524113,2.0465744613299393
863,1,21,3,11,4.8518400314352235,1.5461691625157492
652,0,3,1,8,2.0459698931924613,1.8493225236289248
1171,0,19,3,5,3.635109044916528,1.0093862065397055
1219,0,31,2,5,5.696107481702931,1.0928285525207129
604,1,35,2,24,2.4475224661964954,1.8030519117724768
702,1,49,1,23,4.065697552874444,1.8491074696722476
795,1,3,2,33,5.146089529563389,2.1271794166890157
1373,1,26,2,14,5.770125230080467,1.1979479794359427
1476,1,16,3,22,4.987106558134872,1.769774625635168
1483,0,11,2,32,4.882262194577624,1.2916714666475329
949,1,21,1,39,5.305952360783049,1.139794179344042
646,0,16,3,35,3.7848048839101747,1.6157436910908318
1466,0,9,3,31,5.223378130471332,1.2450049721335859
1422,1,0,1,15,2.0318576189818045,1.3326729672884778
1419,1,21,3,9,5.6982442215072195,1.4763318698042527
1255,0,25,3,12,3.7732260380687013,1.3890826011147943
868,0,17,1,38,4.21352075146299,1.1313869461089197
969,0,49,3,16,3.0195289956595293,1.1348743672895534
1235,1,13,1,5,4.970123331361686,1.2898741228512522
705,1,46,1,35,2.3065432259009953,1.0758387819393085
1269,1,28,2,8,5.490543210187341,1.9396855295153907
1258,1,11,2,9,5.312467316025371,1.4309900747633528
1256,1,35,3,34,2.8642404649790656,1.4196189516536064
719,0,34,3,28,5.237297593141049,1.4979974413566477
1430,1,11,1,7,5.145430932245926,1.9941944113145824
1386,0,6,3,15,4.5288663910157965,2.3059508222252356
1203,0,28,1,8,3.49408070759875,2.138630398833458
657,0,10,1,30,3.0859950167274715,2.0912938453376424
945,1,32,3,31,2.9271343611574,1.7265867784012738
1340,1,5,1,31,3.2744358510544287,2.0407083354511175
1073,1,46,2,10,5.614233773730121,1.8291435520503747
716,0,14,3,19,2.310563103955125,1.3243757922797934
1429,0,31,2,34,5.315485105011835,1.312882551611576
1390,0,10,3,39,3.3955603001672943,1.4445880103129252
726,0,22,1,27,4.086397584045432,2.36620400645472
992,0,25,3,10,5.177942534593963,1.821122260569589
1240,0,33,2,8,5.537506188091886,2.100858065502804
657,1,45,1,22,3.379125680290588,1.5198381397248215
1233,1,33,3,13,3.8473739251004413,1.6115736559978378
1112,1,28,3,33,3.658064259267169,1.188348367955877
1350,1,3,3,17,2.053004134015642,1.2569424367325055
1401,0,16,2,21,3.1837715554346264,2.2410348322392184
695,0,34,2,36,3.8367569349302473,1.877257947533323
1237,1,12,3,26,3.644374435521759,1.5062986988257283
717,0,40,1,8,4.887716910062718,2.204276813493319
1159,1,38,1,9,3.539214468884413,1.3697798584569745
1200,1,14,2,17,3.957505795882681,2.4640490479003057
1087,1,28,1,38,3.7184343685294534,1.5172264116192546
836,0,28,2,26,4.962504595577482,1.5059664312268413
1484,1,10,3,27,5.451889595947851,1.4678678583050577
1496,1,31,2,7,4.127556316030057,1.1831672738864318
871,1,1,2,38,5.157728776780765,1.1667057209980185
788,0,46,3,36,3.1871467280794024,1.9721575518011851
1303,0,13,1,25,4.165478440629075,2.3126770668370704
1046,1,19,2,25,3.38091981467989,2.18578076540751
1180,0,21,2,15,3.656803702287321,1.2116613910320266
1389,0,10,3,8,4.929655459250674,1.8183731826880996
1460,0,26,1,5,5.526649929330851,1.15838731896496
846,0,2,2,32,2.4859815643510617,1.067941965419616
675,0,16,3,28,4.5385570259495225,1.984578789077151
753,0,43,2,39,4.328575230311194,1.8027285005205256
1255,0,27,3,17,2.4736601567037275,1.1230355278172062
1034,0,28,1,38,2.8475773217604363,1.0524088696089826
685,0,20,1,15,3.244009978930721,2.4846346201140017
1296,0,46,1,21,2.667724283270006,1.0450319982236078
884,1,15,1,39,2.974917930097367,1.6667923795752395
819,1,36,2,22,3.07040319544683,1.7569285369115435
668,0,19,2,26,3.3426953321562385,1.1759202217006677
646,1,5,1,28,4.997561811204636,1.2535926676595743
693,1,18,1,23,4.287648815402402,1.5277075096155288
1349,0,4,1,25,5.944986687805606,2.142513814320494
1052,0,2,2,12,3.658943307869884,1.7606236360904002
803,0,0,1,32,5.0154602953477,1.9568528118294424
817,1,37,1,9,5.485873685506135,2.4777618326360122
1073,1,14,1,21,4.715913972152167,2.1520081529698145
1031,0,33,3,23,3.647458961669984,1.6515422472118266
940,0,34,1,31,5.014378522983012,1.6696628826948232
1150,0,48,3,38,2.8146685510907394,1.9281581155615075
1211,1,24,3,15,3.3102086607205297,1.9980478126283565
888,1,23,1,16,4.186741020397156,1.751066388755007
853,1,11,3,25,4.301637549144593,1.96729183422247
1333,1,17,1,15,2.088565901890518,1.035298741621148
956,0,14,2,32,5.780456755024035,1.6444342958452662
622,0,43,2,9,4.78650908486956,1.4184071141102153
1361,0,15,2,21,3.9828150009275642,1.1937616678646656
1121,0,26,2,24,5.732508937633233,1.1493197692131627
1357,1,7,3,16,3.756382261003314,1.9047882484220011
1436,1,45,1,10,5.921742281081487,1.7854008207289176
699,0,24,1,21,4.04913902897394,1.3803761754945538
1401,0,16,1,23,2.457143079991918,1.7064250881587717
779,1,28,2,30,5.059203889837109,1.7383484727736125
822,0,7,2,36,4.715590900311362,1.2925134706579238
1361,1,14,1,10,5.091946885222347,1.9781395928224759
1258,0,26,2,15,5.805768114902724,2.171379034579136
1041,0,45,1,37,5.105957210604073,2.1871953113342784
1207,0,49,1,28,4.4453464088665875,1.9037047460551826
1368,0,6,1,27,5.429235609443364,1.7674578737785211
924,0,2,1,19,4.692985757418127,1.0915107145080922
1115,0,28,1,31,3.6324762273036924,1.4317469482774088
615,0,43,1,15,5.5424790569670925,1.139907170167255
1391,1,23,1,21,2.8876018431374915,2.44573474131771
935,1,2,2,18,4.858565099634896,1.202620219338641
1358,1,19,1,31,5.526253819763028,1.227663114776653
857,1,45,1,22,4.925266078813185,2.3343649274957383
1096,1,14,2,32,4.789101676215427,2.415892425214687
1495,0,24,2,8,5.010553176287344,2.148743558852365
759,0,29,2,11,3.8602209932025775,1.0081073855090048
1074,1,13,1,39,5.4966827286281035,1.0020194064348455
1451,0,6,3,13,2.813745900544365,1.5671511546811763
1263,1,16,3,12,2.509545664001357,1.2150930550163388
1289,1,43,2,21,3.142035120474046,1.027579213227396
1274,0,19,3,21,4.126309587099973,1.696100034106757
979,0,35,2,37,4.042247181637352,2.414592846110457
1144,0,8,1,36,5.282395030706347,1.4857293623536472
1290,1,37,3,12,3.6182746256160696,1.9917110176430448
1026,0,47,1,23,3.9373777051660346,1.9783530296986611
1212,1,21,3,7,2.0534707330375825,1.3766201554977515
867,1,1,1,9,3.6389569457717563,1.9756378732357964
1434,1,23,3,17,4.591096931801369,1.318500961430337
1176,0,7,1,35,2.0620333225063687,1.1830111203653335
1016,0,10,1,20,3.123527860744975,2.052074928339535
767,1,12,3,36,2.8318254371575597,1.170161225655875
1441,0,16,1,26,2.167941715638353,2.495363827884033
642,0,7,1,33,3.91704035965815,1.275178601725344
1155,0,20,1,26,2.726893172912626,1.8912127941346863
884,1,17,3,7,4.9723261585255205,1.617061857118884
996,1,29,3,14,5.391711535053394,1.1895796336085007
611,0,17,1,25,4.182340730676591,1.04176586136612
1206,1,45,1,20,5.926829370084566,1.93409842343925
901,0,46,3,16,3.8019142858823813,2.210136345683689
1497,0,30,3,6,4.053472840899662,2.263023492260116
852,0,37,1,28,5.956871015831,1.7240702096154017
1098,0,31,1,39,2.9261937438601953,2.1661832007735784
1353,1,10,1,34,5.770183758707621,2.0092707002328174
634,1,44,2,34,2.171350220476453,2.0863817912486997
1326,1,24,3,39,3.785547561052779,1.738898507832721
1448,0,32,2,23,2.280014048532263,1.9501176103631908
689,0,37,3,12,4.916938971654572,2.2082888703640853
1375,0,40,3,30,4.433635743520071,1.5968262633355346
1204,1,7,3,11,4.826537053870386,2.2089683513013756
1201,0,10,3,34,3.497921599872068,1.8880252641835944
1017,1,21,3,11,3.477927736125521,1.2488515365561794
714,1,23,3,7,2.1812771158435784,1.037026235836877
1216,1,40,3,5,3.399779758118559,1.544130400598728
795,1,16,2,29,5.717153609048237,1.8200444924445098
1425,1,11,1,5,3.516906148721796,2.2597305283052327
1100,1,45,1,19,5.32547082488788,1.1912285202103692
1225,0,31,2,17,5.369302018999736,2.2003095215253685
1092,0,14,2,12,3.4929646255169353,2.2945135691008405
674,1,15,2,9,4.527954721584756,1.2260312305012506
1012,1,21,2,13,2.3814864090922345,2.2773914789563285
975,0,27,3,5,2.414714322937106,2.487180351764188
1019,1,19,1,39,2.1946306546468533,2.0902582465723563
1328,1,32,3,6,4.324060373500438,2.177154522737482
876,0,9,1,27,3.704283910504388,2.49162290133831
1360,1,39,1,13,4.19212942665696,1.908221875788918
1275,1,31,2,38,4.084292762033551,1.461829573024374
993,1,49,3,18,3.400811964362921,2.2562962511140836
1468,0,32,2,8,4.709893659293892,1.9217286662674469
1056,0,1,3,34,5.034007523665563,1.8717931355814348
791,0,32,1,35,2.058513035510703,1.3804533332710573
1338,1,32,2,15,2.8289691990755133,2.13450140437433
1288,1,40,2,39,4.852943472333347,1.1225009137901445
698,0,12,1,12,3.5464806905353368,2.3864306061919915
1147,1,29,1,7,4.649935787766433,1.4887351911557272
695,1,32,1,18,3.3878506389382337,1.1916619791849856
1263,1,12,2,17,3.5630206093185484,1.6635497996536281
1262,1,25,3,36,2.6347154947587397,1.0637048638847997
789,1,21,2,38,3.03292407866464,2.0269392913974493
1335,0,38,3,23,4.421647030030349,2.3540582656680344
636,1,1,2,20,3.7326524452606655,2.2558945107077633
1379,0,37,2,6,5.097210731778381,1.1910542101718216
968,1,38,1,21,5.410339819753371,1.1894067056615978
1294,0,25,3,38,4.16658567286704,2.220151723486396
1124,1,45,2,20,5.0330691682242366,2.386381411904674
878,0,49,2,6,3.22761805277828,1.6910047447502337
816,1,14,1,6,3.659884861600313,1.748456675370649
1466,0,33,1,30,4.851110704867324,1.477393062078589
1472,1,41,3,17,3.5448479712681227,2.341397677384621
1397,0,43,2,35,4.354019740635955,1.967354357938534
872,1,48,3,38,2.741491116330046,1.4323773657510528
1480,0,39,2,7,4.399085259881992,1.4481743065813775
661,0,10,3,12,5.446054828907574,2.3368001095954036
1195,1,2,1,27,5.474558559293703,1.0204510358587322
1479,1,5,2,18,4.897377625318159,1.4840898590899576
1328,0,8,3,31,4.983013516304505,1.8315350218245536
941,1,5,1,33,4.231709780602802,1.2223261931489868
996,0,8,1,5,4.338672360663299,1.1381481312993846
1298,0,38,3,21,2.534602325642072,2.22291449663584
618,0,30,2,34,3.7754367536852045,2.341606582972761
776,1,31,2,17,3.8031051355454553,2.2354096311972844
1211,0,40,1,25,5.833991342670961,2.3481818346060215
995,0,49,2,23,3.7243474504931577,1.8296679565875573
1044,1,11,2,23,4.1973705796110305,2.2183871814855127
832,1,7,2,29,4.13300559711641,1.5760639575866506
675,1,7,1,26,4.547046868177309,1.9994017922185576
864,1,49,3,35,4.992931325327584,2.4832532970837464
1054,0,27,2,21,2.9001675046834885,1.3385915857586912
1395,0,19,1,27,4.114897676393743,1.5848496194366208
1317,0,46,1,36,5.303670829264122,1.7200710659651284
1334,0,6,3,14,3.852458855350046,1.2070232305300777
983,1,10,2,14,3.113830185494292,1.1215579156975852
1163,0,19,2,12,4.618836301425196,2.2445842994824368
1450,0,15,3,24,5.295069583196492,2.4651915592413793
1105,1,3,3,36,2.2525611717095653,1.607087595744488
966,0,5,1,18,5.107161933628909,1.1314747542919799
743,0,21,1,32,5.286591731847085,1.0987176410358648
1484,0,25,3,28,3.846091710354427,2.336977309540448
668,0,2,2,19,5.933222627273869,1.6957213745915198
698,0,40,1,26,5.146833362829236,1.4800409748435879
995,0,41,1,34,5.094650259582663,1.7146919068590993
624,1,13,2,8,4.991354297648288,1.477456142038521
1490,1,10,1,17,2.602432412873096,1.7335536629614299
1068,0,17,2,27,2.8689235458120432,2.2893345953769053
1083,0,11,2,12,3.8559605258577,1.8884520565931435
1164,1,22,2,22,3.0560173998378635,2.041980659215263
750,0,11,3,16,3.660963889336162,1.547006014351505
743,0,12,3,35,5.553856439691683,2.1077588177657782
1168,0,24,3,18,5.297307567517077,1.9999256273190584
638,1,44,2,38,4.520159513919928,1.1793429966280846
708,0,18,2,22,5.432481577004414,1.858964279673377
1292,1,45,3,38,5.135089556068997,1.385115244464637
641,0,35,1,15,3.715939727363562,2.206143504450389
785,1,44,2,16,2.8042606081997805,1.6389065627004091
997,1,7,1,19,4.056804160037357,2.4920262477947306
822,0,28,1,35,4.9449155301142005,1.1387506569084458
1233,1,31,2,33,3.745678394918372,2.170521794110238
732,0,43,2,30,4.667087639135589,2.010552600313235
762,1,17,1,22,2.3773097051641745,2.151248245886058
814,0,5,1,36,4.992018945485613,1.4612946932356845
1332,0,17,3,26,5.250854479572248,1.7380817340736008
834,1,18,3,21,4.827351423122165,2.1947627795855627
1442,0,21,2,27,5.869054350105462,1.3488119974312824
1257,0,36,3,28,5.306608229842562,1.339049795182978
1350,1,31,3,12,5.612374911506153,1.8265764299423985
1187,0,40,3,10,5.734284333830592,1.7853453692947836
608,0,2,3,9,5.205391967495235,1.4233937056193993
673,1,27,1,33,4.697035368025997,1.4471134757872341
1091,1,9,2,32,2.022874325443157,1.4167677448098481
852,0,34,3,15,3.8633030128924988,2.1572680929977315
829,0,28,1,5,4.284649194489444,1.9778512983436909
1118,1,14,1,23,3.2161210897919985,2.248625775115379
773,1,32,1,13,3.2724177876138882,2.4632095424710325
1252,0,6,3,31,5.844637662840661,1.7112464444079796
767,1,11,3,38,5.566843460810984,1.1000408221081732
769,0,48,2,8,5.396716022006817,1.0721384656180533
992,0,29,3,22,3.6240472068244425,1.4434975589074286
1394,0,20,3,19,2.054794201635658,2.398816884028676
1233,0,30,1,17,2.3208889858228563,1.7848195824563122
793,0,23,2,23,3.2487854728704146,1.4076797741201936
1116,1,19,3,10,2.062971651982708,1.5987501917665292
628,1,36,3,16,2.0685991276607925,1.8978926611070062
764,1,3,1,21,5.6664132065696435,1.9794244872067632
1021,1,27,1,27,4.824634008476217,1.2308792646743576
938,0,43,3,30,3.2358239602726107,2.465547514817764
1247,0,19,2,33,2.5305783104038126,1.8171583404741831
1095,0,23,2,37,4.046542871580309,1.203532476688419
964,0,49,1,31,2.021384643417458,2.3404528800192006
1432,1,48,1,29,5.7536549754325765,1.1119576466191432
941,0,31,3,14,3.659260477555789,2.3616031497662693
1099,0,40,1,27,3.609339820949331,2.4948484844334735
1256,1,35,3,25,3.5623744303271287,2.050647698734756
1110,1,33,2,25,2.277313321551059,2.1556708316109847
926,1,35,2,17,4.553288959167306,1.5059542547012295
816,1,1,3,37,4.9320144785134135,2.412365279100901
900,0,14,1,28,4.704501590353161,1.7945709491625514
731,0,33,2,15,2.5537419733175772,2.0985826698963326
1403,1,35,1,21,4.31536067214237,2.3861615738669193
669,0,5,2,8,4.277937936689016,2.4627699639632628
851,0,38,3,29,5.473643151765528,2.2498065348950114
1014,0,41,3,34,3.516510633502588,1.454526260473045
1386,1,11,3,13,3.485943774637737,2.449821274828124
1044,0,2,2,25,4.474108234872743,1.9421792968653577
1475,1,44,1,24,4.532290613998052,2.39596371452794
781,0,17,1,23,3.8771409093031615,2.014157538721528
766,0,39,1,23,3.7722374493216844,1.4608584427715807
690,0,20,2,16,3.9765906825515307,1.5550367862142238
1313,1,14,2,21,5.444181198013247,1.8257076656544107
1457,0,32,2,32,3.84466760501564,2.1850222623398228
127,7,339,1,87,11.40321557873418,0.3539883243116575
334,3,290,1,97,8.7630953094865,0.651268599618185
125,5,192,1,81,9.739778746491982,0.5077248453831607
153,7,483,1,92,10.21859835237097,0.3925127256499062
128,4,433,2,85,13.661784264441788,0.5576300694565702
263,6,295,2,85,14.128420552771276,0.797440671230794
369,7,464,2,88,10.117264222230288,0.46115736779393235
134,6,468,1,95,14.010886848712017,0.7524148404671718
385,4,241,1,90,14.000616561588537,0.4070101039547397
372,5,328,2,86,13.352556652694116,0.23283962415499154
307,5,205,1,89,9.026865798106272,0.32254526382105736
337,4,304,2,89,12.832259928305103,0.4512170859966106
192,6,309,1,99,14.615168452063982,0.33178095715674144
272,7,260,2,97,12.7777833513701,0.20013622293095334
178,4,286,2,99,10.321317943754838,0.7490009226485164
209,3,381,2,88,11.504055222015818,0.7063276467385575
316,6,369,1,94,12.520075303457375,0.6453753388921684
205,5,217,2,83,11.573992861099525,0.3006887573876172
146,4,451,1,87,8.83967059211679,0.2722181457259917
280,5,398,1,88,10.184448312564145,0.2405628496834299
163,6,472,1,92,13.616772213875429,0.6344175132637528
345,5,155,1,88,14.029926322668622,0.7572847764127313
343,4,429,1,83,8.961100229008991,0.45832149254782223
186,6,243,1,96,14.666707266791072,0.2714844031976289
316,3,418,1,95,10.301758324940266,0.507435692439264
106,4,346,2,94,12.636196171115039,0.4092991444751781
377,7,174,2,82,13.262776021696768,0.42489495460999865
309,4,297,2,99,13.683623642465184,0.5727983744934244
268,6,267,1,84,14.620247915581512,0.6312308679573215
237,4,487,1,84,10.190436836201759,0.2663621593238965
329,3,487,1,99,14.009545181860881,0.22135413848388585
260,3,215,1,94,8.92180832405345,0.7965981816114289
100,7,450,2,97,12.935286344475148,0.33963700934933116
335,5,324,1,94,13.1938441065979,0.23229831494507547
287,6,468,2,81,12.744062688409244,0.313925197457552
103,6,225,1,92,9.76620315294607,0.22337470780907853
231,5,263,2,83,14.111302029106422,0.43508653677030307
317,3,260,1,89,9.182009243592764,0.6814410706707946
359,3,398,2,92,8.375443540645815,0.40474666985463237
100,4,352,1,89,13.022254934283385,0.46651004412701996
170,7,296,2,88,11.328330006629136,0.6053520641404633
277,7,184,1,87,13.943686139710731,0.5053364420419282
288,7,458,2,82,10.683779987407814,0.7168674116127947
390,4,175,2,95,9.17795011955399,0.7196214050274541
107,7,387,1,93,13.855095347289089,0.2059464172946922
352,5,163,2,88,11.842367421480501,0.6668277838899196
391,4,194,1,90,9.324370546732485,0.4764401601450044
343,5,365,1,82,13.04268799010512,0.793304324782198
222,4,382,1,84,11.577795469426505,0.48993924552526114
398,7,342,2,89,12.23019087568224,0.7921375672329787
382,5,200,2,92,11.226288367446074,0.6527416167234421
131,5,363,1,83,13.800962886726044,0.3491629307679838
245,5,300,1,92,13.806939009781349,0.5230369875721746
255,4,424,2,91,12.965721752770705,0.7952813836871497
115,6,487,2,84,8.737809641775236,0.7145183646511544
146,7,225,2,89,13.871977033328482,0.2584201362747327
350,5,369,1,88,12.697090863730368,0.6238231980859977
286,6,497,1,99,12.879169162030097,0.40734775152248787
130,7,336,1,86,10.540879882827102,0.20418935712820888
359,7,438,1,81,14.154956893099047,0.4420885814161998
116,5,177,1,86,13.077601201644002,0.3408526530349828
138,5,329,2,87,8.788133265704362,0.691321562312283
138,4,402,1,86,10.854446240843139,0.4023983653074593
231,6,275,2,93,14.204662533720992,0.6965142163722904
129,6,326,2,98,8.330376911881652,0.2003587633008772
257,5,186,1,84,14.729916337494346,0.3846914900156715
377,7,248,2,97,12.75413797823694,0.34469912858465723
302,5,247,1,99,12.419631843503637,0.3401404166411666
165,7,276,2,91,9.89391479541594,0.24091197185927765
207,7,317,1,96,9.741542521174239,0.31227456224630107
367,5,229,1,92,14.594407536420167,0.5333297419313721
321,3,443,2,81,10.08790717963886,0.3748166437026467
391,6,482,1,92,13.428537077032995,0.45043686939748884
117,7,275,2,86,10.751852587449555,0.42612012820831313
189,7,492,1,89,8.974778495492927,0.7255429549999368
280,3,459,1,85,8.075007083867513,0.7431793994063094
354,4,299,1,82,11.809801359106755,0.4957741829935161
352,3,165,2,82,14.83045172984253,0.39809357018936264
356,3,177,2,97,10.58395335666443,0.2640804224014182
186,7,322,1,90,10.500346337951314,0.772041727629257
189,6,195,2,99,10.408641324946094,0.23613616694017847
336,3,477,1,84,11.64380686113401,0.37859016654096833
169,4,385,2,98,11.084654183970056,0.37883972070200256
143,5,363,2,98,14.159402387089102,0.39224077168412896
299,3,234,1,94,11.538645542064433,0.2985721059634456
251,3,431,1,95,11.554304867319981,0.6698968585542184
185,4,381,1,88,8.968601163043896,0.27349871717959356
118,6,234,1,83,14.879176786372701,0.5809439954918978
200,3,214,1,94,9.749810236081808,0.2743076160234905
194,3,283,2,91,8.513548472217218,0.24232138255577396
353,6,300,2,82,12.642023742826462,0.745657702211526
129,4,264,1,93,12.16756459109811,0.3140772597912234
348,3,213,1,96,10.90601957794922,0.6927500927358227
132,6,492,1,98,10.955345637164747,0.5267785226642816
328,3,307,2,85,13.495447447325018,0.24671391176526178
111,5,226,1,83,9.369988480697543,0.7732689148628407
217,7,295,1,86,13.741773232614229,0.3481767001951356
254,5,492,2,98,12.541229797265128,0.7157872072115641
345,3,374,2,96,10.93278841645667,0.30128600347073853
346,4,462,2,95,11.206200316087081,0.7123657292851118
